t_s,sim_time_s,state,z_m,x_m,y_m,target_x_m,target_y_m,roll_deg,pitch_deg,yaw_deg,upper_rad_s,lower_rad_s,horizontal_error_m,touchdown_vz_m_s,abort_reason,disturbance_active,buoyancy_n,slamming_force_n
0.0,8.294,STABILIZE,0.783559,0.00424582,-0.00244462,-5.0,-5.0,-0.0214,-0.0264,31.2027,-135.805,135.805,7.07234,0.0,,False,3.976e-05,0.0
0.051,8.345,STABILIZE,0.791144,0.00431624,-0.00241969,-5.0,-5.0,0.0954,0.0391,30.6587,-135.759,135.759,7.07241,0.0,,False,2.10176e-05,0.0
0.102,8.396,STABILIZE,0.796421,0.0044224,-0.0024241,-5.0,-5.0,0.1606,0.0755,30.3987,-136.188,136.188,7.07248,0.0,,False,1.11102e-05,0.0
0.154,8.448,STABILIZE,0.799587,0.00459418,-0.00247443,-5.0,-5.0,0.1326,0.0598,30.4289,-136.909,136.909,7.07257,0.0,,False,5.80002e-06,0.0
0.205,8.499,STABILIZE,0.800777,0.00481184,-0.00256073,-5.0,-5.0,0.0847,0.0348,30.7893,-137.758,137.758,7.07266,0.0,,False,3.06596e-06,0.0
0.256,8.55,STABILIZE,0.800379,0.00505863,-0.00266983,-5.0,-5.0,0.0463,0.0191,31.1385,-138.649,138.649,7.07276,0.0,,False,1.62071e-06,0.0
0.307,8.601,STABILIZE,0.798717,0.00532133,-0.00279146,-5.0,-5.0,0.0215,0.0098,31.2168,-139.517,139.517,7.07286,0.0,,False,8.56725e-07,0.0
0.359,8.653,STABILIZE,0.796047,0.005597,-0.00292127,-5.0,-5.0,0.0055,0.0028,31.2027,-140.335,140.335,7.07296,0.0,,False,4.4725e-07,0.0
0.41,8.704,STABILIZE,0.792775,0.00586901,-0.00304955,-5.0,-5.0,-0.0046,-0.0033,31.1905,-141.045,141.045,7.07306,0.0,,False,2.36422e-07,0.0
0.461,8.755,STABILIZE,0.789121,0.00613786,-0.00317687,-5.0,-5.0,-0.0112,-0.0089,31.188,-141.649,141.649,7.07316,0.0,,False,1.24975e-07,0.0
0.513,8.807,STABILIZE,0.78524,0.00640563,-0.00330465,-5.0,-5.0,-0.0173,-0.0135,31.1887,-142.15,142.15,7.07326,0.0,,False,6.52429e-08,0.0
0.564,8.858,STABILIZE,0.781471,0.00665911,-0.0034264,-5.0,-5.0,-0.0218,-0.0165,31.1892,-142.532,142.532,7.07336,0.0,,False,3.44882e-08,0.0
0.615,8.909,APPROACH,0.77789,0.00690145,-0.00353462,-5.0,-5.0,0.1813,-0.1603,31.1707,-142.81,142.81,7.07345,0.0,,False,1.82309e-08,0.0
0.666,8.96,APPROACH,0.774609,0.00712739,-0.00374553,-5.0,-5.0,1.5664,-0.9969,30.943,-143.0,143.0,7.07346,0.0,,False,9.63707e-09,0.0
0.718,9.012,APPROACH,0.771641,0.00733856,-0.00482786,-5.0,-5.0,2.6351,-2.5941,30.342,-143.149,143.149,7.07285,0.0,,False,5.03099e-09,0.0
0.769,9.063,APPROACH,0.769123,0.00714227,-0.0075249,-5.0,-5.0,2.9362,-4.8653,29.3821,-143.287,143.287,7.0708,0.0,,False,2.65945e-09,0.0
0.82,9.114,APPROACH,0.766973,0.00567928,-0.0124555,-5.0,-5.0,3.1267,-7.7134,28.0628,-143.491,143.491,7.06629,0.0,,False,1.40582e-09,0.0
0.872,9.166,APPROACH,0.765083,0.00169346,-0.0204532,-5.0,-5.0,3.4149,-9.5855,26.4341,-143.801,143.801,7.05782,0.0,,False,7.339e-10,0.0
0.923,9.217,APPROACH,0.763497,-0.00544552,-0.0316399,-5.0,-5.0,3.7407,-9.8192,24.6107,-144.052,144.052,7.04487,0.0,,False,3.87949e-10,0.0
0.974,9.268,APPROACH,0.762237,-0.01591,-0.0462128,-5.0,-5.0,4.0725,-9.2537,22.5394,-144.116,144.116,7.02717,0.0,,False,2.05074e-10,0.0
1.025,9.319,APPROACH,0.76136,-0.0295148,-0.0640868,-5.0,-5.0,4.4348,-8.9175,20.2081,-144.044,144.044,7.00492,0.0,,False,1.08405e-10,0.0
1.077,9.371,APPROACH,0.760845,-0.0465419,-0.0856746,-5.0,-5.0,4.8301,-8.7265,17.6855,-143.919,143.919,6.97763,0.0,,False,5.65923e-11,0.0
1.128,9.422,APPROACH,0.760662,-0.0663354,-0.110144,-5.0,-5.0,5.2215,-8.5357,15.1701,-143.779,143.779,6.94635,0.0,,False,2.99154e-11,0.0
1.179,9.473,APPROACH,0.760744,-0.089196,-0.137877,-5.0,-5.0,5.5954,-8.3176,12.6747,-143.635,143.634,6.91059,0.0,,False,1.58136e-11,0.0
1.231,9.525,APPROACH,0.761039,-0.11566,-0.169517,-5.0,-5.0,5.9549,-8.0796,10.1831,-143.492,143.492,6.86952,0.0,,False,8.25544e-12,0.0
1.282,9.576,APPROACH,0.761483,-0.144702,-0.203843,-5.0,-5.0,6.2913,-7.8385,7.8035,-143.363,143.363,6.82474,0.0,,False,4.36393e-12,0.0
1.333,9.627,APPROACH,0.762031,-0.176786,-0.241426,-5.0,-5.0,6.6102,-7.5919,5.4874,-143.25,143.25,6.7755,0.0,,False,2.30683e-12,0.0
1.384,9.678,APPROACH,0.762639,-0.211904,-0.282255,-5.0,-5.0,6.9081,-7.3376,3.2261,-143.154,143.154,6.72183,0.0,,False,1.21942e-12,0.0
1.436,9.73,APPROACH,0.763283,-0.250838,-0.327221,-5.0,-5.0,7.1962,-7.0698,0.9641,-143.074,143.074,6.66254,0.0,,False,6.36591e-13,0.0
1.487,9.781,APPROACH,0.76391,-0.292076,-0.374587,-5.0,-5.0,7.4662,-6.8011,-1.2248,-143.012,143.012,6.59992,0.0,,False,3.3651e-13,0.0
1.538,9.832,APPROACH,0.764508,-0.336336,-0.425174,-5.0,-5.0,7.723,-6.5257,-3.3953,-142.968,142.968,6.5329,0.0,,False,1.77883e-13,0.0
1.59,9.884,APPROACH,0.765066,-0.384575,-0.480046,-5.0,-5.0,7.9688,-6.2367,-5.5986,-142.938,142.938,6.46004,0.0,,False,9.28633e-14,0.0
1.641,9.935,APPROACH,0.765554,-0.434933,-0.537081,-5.0,-5.0,8.0866,-6.0856,-7.7762,-142.922,142.922,6.38416,0.0,,False,4.90887e-14,0.0
1.692,9.986,APPROACH,0.765977,-0.488378,-0.597225,-5.0,-5.0,8.0464,-6.131,-9.9824,-142.915,142.915,6.3039,0.0,,False,2.59489e-14,0.0
1.743,10.037,APPROACH,0.76633,-0.545059,-0.660335,-5.0,-5.0,8.0968,-6.0701,-12.1722,-142.917,142.917,6.21926,0.0,,False,1.37169e-14,0.0
1.795,10.089,APPROACH,0.766621,-0.606282,-0.727621,-5.0,-5.0,8.2793,-5.8285,-14.3795,-142.926,142.926,6.12846,0.0,,False,7.16085e-15,0.0
1.846,10.14,APPROACH,0.766848,-0.669708,-0.796464,-5.0,-5.0,8.4821,-5.5452,-16.5408,-142.939,142.939,6.03499,0.0,,False,3.78531e-15,0.0
1.897,10.191,APPROACH,0.767022,-0.736499,-0.868134,-5.0,-5.0,8.5751,-5.2131,-18.7007,-142.953,142.953,5.93715,0.0,,False,2.00096e-15,0.0
1.948,10.242,APPROACH,0.767155,-0.806632,-0.942593,-5.0,-5.0,7.8414,-4.4094,-20.7982,-142.907,142.907,5.83497,0.0,,False,1.05773e-15,0.0
2.0,10.294,APPROACH,0.767307,-0.881209,-1.02106,-5.0,-5.0,6.5317,-3.3783,-22.93,-142.734,142.734,5.72681,0.0,,False,5.52185e-16,0.0
2.051,10.345,APPROACH,0.767515,-0.956786,-1.10004,-5.0,-5.0,5.2628,-2.5252,-25.0272,-142.498,142.498,5.61759,0.0,,False,2.91892e-16,0.0
2.102,10.396,APPROACH,0.767773,-1.03425,-1.18054,-5.0,-5.0,4.1638,-1.8906,-26.9182,-142.269,142.269,5.50594,0.0,,False,1.54298e-16,0.0
2.154,10.448,APPROACH,0.768051,-1.11476,-1.26382,-5.0,-5.0,3.1946,-1.4114,-28.4926,-142.078,142.078,5.39019,0.0,,False,8.05504e-17,0.0
2.205,10.499,APPROACH,0.768301,-1.19485,-1.34636,-5.0,-5.0,2.3576,-1.0532,-29.6809,-141.945,141.945,5.27525,0.0,,False,4.25799e-17,0.0
2.256,10.55,APPROACH,0.7685,-1.27576,-1.42949,-5.0,-5.0,1.6162,-0.7731,-30.5219,-141.86,141.86,5.15931,0.0,,False,2.25083e-17,0.0
2.307,10.601,APPROACH,0.768632,-1.35725,-1.51296,-5.0,-5.0,0.9653,-0.5483,-31.02,-141.817,141.817,5.04273,0.0,,False,1.18982e-17,0.0
2.359,10.653,APPROACH,0.768686,-1.44068,-1.59821,-5.0,-5.0,0.3892,-0.358,-31.2006,-141.807,141.807,4.9235,0.0,,False,6.21138e-18,0.0
2.41,10.704,APPROACH,0.768658,-1.52266,-1.6818,-5.0,-5.0,-0.1021,-0.1964,-31.1529,-141.823,141.823,4.80649,0.0,,False,3.28341e-18,0.0
2.461,10.755,APPROACH,0.768558,-1.60462,-1.76521,-5.0,-5.0,-0.5289,-0.0532,-30.8717,-141.855,141.855,4.68962,0.0,,False,1.73565e-18,0.0
2.513,10.807,APPROACH,0.768392,-1.68799,-1.84993,-5.0,-5.0,-0.9009,0.0808,-30.305,-141.897,141.897,4.57082,0.0,,False,9.0609e-19,0.0
2.564,10.858,APPROACH,0.76818,-1.76943,-1.93258,-5.0,-5.0,-1.2119,0.198,-29.9674,-141.943,141.943,4.45485,0.0,,False,4.7897e-19,0.0
2.615,10.909,APPROACH,0.767933,-1.85041,-2.0147,-5.0,-5.0,-1.4766,0.2936,-29.9398,-141.99,141.99,4.33957,0.0,,False,2.5319e-19,0.0
2.666,10.96,APPROACH,0.767663,-1.93085,-2.0962,-5.0,-5.0,-1.7015,0.3709,-29.9865,-142.033,142.034,4.22513,0.0,,False,1.33839e-19,0.0
2.718,11.012,APPROACH,0.76738,-2.0122,-2.17857,-5.0,-5.0,-1.8965,0.4361,-30.0032,-142.074,142.074,4.10943,0.0,,False,6.98702e-20,0.0
2.769,11.063,APPROACH,0.767105,-2.09127,-2.2586,-5.0,-5.0,-2.0643,0.4898,-30.0032,-142.107,142.107,3.997,0.0,,False,3.69342e-20,0.0
2.82,11.114,APPROACH,0.766844,-2.16956,-2.33783,-5.0,-5.0,-2.2084,0.5359,-30.0016,-142.134,142.134,3.88568,0.0,,False,1.95239e-20,0.0
2.872,11.166,APPROACH,0.766598,-2.24854,-2.41773,-5.0,-5.0,-2.332,0.5758,-30.001,-142.155,142.155,3.77341,0.0,,False,1.01924e-20,0.0
2.923,11.217,APPROACH,0.766382,-2.32515,-2.49521,-5.0,-5.0,-2.4409,0.6109,-30.0008,-142.17,142.17,3.66453,0.0,,False,5.38781e-21,0.0
2.974,11.268,APPROACH,0.766196,-2.4009,-2.57179,-5.0,-5.0,-2.5442,0.6464,-30.0009,-142.179,142.179,3.5569,0.0,,False,2.84806e-21,0.0
3.025,11.319,APPROACH,0.766039,-2.47575,-2.64744,-5.0,-5.0,-2.6364,0.6813,-30.0009,-142.185,142.185,3.45056,0.0,,False,1.50552e-21,0.0
3.077,11.371,APPROACH,0.765912,-2.55114,-2.7236,-5.0,-5.0,-2.7242,0.7131,-30.0014,-142.187,142.187,3.34349,0.0,,False,7.85951e-22,0.0
3.128,11.422,APPROACH,0.765818,-2.62414,-2.79734,-5.0,-5.0,-2.8065,0.7413,-30.002,-142.185,142.185,3.23982,0.0,,False,4.15463e-22,0.0
3.179,11.473,APPROACH,0.765752,-2.69618,-2.8701,-5.0,-5.0,-2.8826,0.7665,-30.0019,-142.182,142.182,3.13753,0.0,,False,2.19619e-22,0.0
3.231,11.525,APPROACH,0.765712,-2.76862,-2.94326,-5.0,-5.0,-2.9507,0.7883,-30.0018,-142.177,142.177,3.03467,0.0,,False,1.14651e-22,0.0
3.282,11.576,APPROACH,0.765695,-2.83865,-3.01401,-5.0,-5.0,-3.0157,0.8045,-30.0016,-142.171,142.171,2.93523,0.0,,False,6.0606e-23,0.0
3.333,11.627,APPROACH,0.765698,-2.90766,-3.08374,-5.0,-5.0,-3.0762,0.8183,-30.0014,-142.165,142.165,2.83724,0.0,,False,3.20371e-23,0.0
3.384,11.678,APPROACH,0.765715,-2.97563,-3.15242,-5.0,-5.0,-3.129,0.8318,-30.001,-142.159,142.159,2.74074,0.0,,False,1.69352e-23,0.0
3.436,11.73,APPROACH,0.765746,-3.04385,-3.22136,-5.0,-5.0,-3.1788,0.8446,-30.0005,-142.153,142.153,2.64388,0.0,,False,8.84095e-24,0.0
3.487,11.781,APPROACH,0.765787,-3.10968,-3.28791,-5.0,-5.0,-3.224,0.8558,-30.0002,-142.147,142.147,2.5504,0.0,,False,4.67343e-24,0.0
3.538,11.832,APPROACH,0.765835,-3.17443,-3.35339,-5.0,-5.0,-3.2632,0.8647,-30.0003,-142.142,142.142,2.45846,0.0,,False,2.47043e-24,0.0
3.59,11.884,APPROACH,0.765886,-3.23932,-3.41904,-5.0,-5.0,-3.3014,0.8712,-30.0005,-142.138,142.138,2.36631,0.0,,False,1.28968e-24,0.0
3.641,11.935,APPROACH,0.76594,-3.30184,-3.48231,-5.0,-5.0,-3.3328,0.8766,-30.0005,-142.135,142.135,2.27752,0.0,,False,6.81741e-25,0.0
3.692,11.986,APPROACH,0.765999,-3.36325,-3.54448,-5.0,-5.0,-3.361,0.8814,-30.0005,-142.13,142.13,2.19032,0.0,,False,3.60376e-25,0.0
3.743,12.037,APPROACH,0.766058,-3.42353,-3.60554,-5.0,-5.0,-3.4359,0.7107,-29.9913,-142.127,142.127,2.10471,0.0,,False,1.90499e-25,0.0
3.795,12.089,APPROACH,0.76612,-3.48389,-3.66657,-5.0,-5.0,-3.6096,0.195,-29.9734,-142.125,142.125,2.01907,0.0,,False,9.94494e-26,0.0
3.846,12.14,APPROACH,0.766178,-3.54216,-3.72504,-5.0,-5.0,-3.8067,-0.3409,-29.9686,-142.129,142.129,1.9367,0.0,,False,5.25702e-26,0.0
3.897,12.191,APPROACH,0.766227,-3.59968,-3.78195,-5.0,-5.0,-3.9727,-0.7328,-29.9759,-142.14,142.14,1.85595,0.0,,False,2.77892e-26,0.0
3.948,12.242,APPROACH,0.766259,-3.65655,-3.83712,-5.0,-5.0,-4.0039,-0.7248,-29.9997,-142.155,142.155,1.77683,0.0,,False,1.46897e-26,0.0
4.0,12.294,APPROACH,0.766279,-3.71388,-3.8916,-5.0,-5.0,-3.932,-0.4319,-30.0185,-142.163,142.163,1.69784,0.0,,False,7.66872e-27,0.0
4.051,12.345,APPROACH,0.766291,-3.76936,-3.94339,-5.0,-5.0,-3.8569,-0.1312,-30.02,-142.163,142.163,1.622,0.0,,False,4.05378e-27,0.0
4.102,12.396,APPROACH,0.766299,-3.82401,-3.99366,-5.0,-5.0,-3.8025,0.1054,-30.0145,-142.162,142.162,1.5478,0.0,,False,2.14288e-27,0.0
4.154,12.448,APPROACH,0.766302,-3.87878,-4.04342,-5.0,-5.0,-3.7622,0.2955,-30.0103,-142.16,142.16,1.47383,0.0,,False,1.11868e-27,0.0
4.205,12.499,APPROACH,0.766302,-3.93151,-4.09082,-5.0,-5.0,-3.7356,0.4492,-30.0084,-142.16,142.16,1.40295,0.0,,False,5.91348e-28,0.0
4.256,12.55,APPROACH,0.7663,-3.98322,-4.13688,-5.0,-5.0,-3.72,0.5769,-30.0073,-142.16,142.16,1.33373,0.0,,False,3.12594e-28,0.0
4.307,12.601,APPROACH,0.766295,-4.03385,-4.18164,-5.0,-5.0,-3.7105,0.687,-30.0066,-142.161,142.161,1.26616,0.0,,False,1.65241e-28,0.0
4.359,12.653,APPROACH,0.766289,-4.08433,-4.22596,-5.0,-5.0,-3.7048,0.7859,-30.0061,-142.163,142.163,1.19899,0.0,,False,8.62633e-29,0.0
4.41,12.704,APPROACH,0.766282,-4.1327,-4.26816,-5.0,-5.0,-3.7052,0.8702,-30.0051,-142.165,142.165,1.13481,0.0,,False,4.55999e-29,0.0
4.461,12.755,APPROACH,0.766278,-4.17988,-4.30913,-5.0,-5.0,-3.7087,0.9421,-30.0043,-142.166,142.166,1.07234,0.0,,False,2.41046e-29,0.0
4.513,12.807,APPROACH,0.766274,-4.22673,-4.34963,-5.0,-5.0,-3.7144,1.0022,-30.0034,-142.167,142.167,1.01041,0.0,,False,1.25837e-29,0.0
4.564,12.858,APPROACH,0.76627,-4.27143,-4.38812,-5.0,-5.0,-3.5392,0.9834,-29.9989,-142.167,142.167,0.951426,0.0,,False,6.65191e-30,0.0
4.615,12.909,APPROACH,0.766267,-4.31495,-4.42544,-5.0,-5.0,-3.0901,0.8563,-29.9933,-142.152,142.152,0.894098,0.0,,False,3.51628e-30,0.0
4.666,12.96,APPROACH,0.766273,-4.35743,-4.46176,-5.0,-5.0,-2.6063,0.7133,-29.9929,-142.125,142.125,0.838209,0.0,,False,1.85875e-30,0.0
4.718,13.012,APPROACH,0.766291,-4.39986,-4.49791,-5.0,-5.0,-2.1917,0.5886,-29.995,-142.094,142.094,0.782472,0.0,,False,9.70353e-31,0.0
4.769,13.063,APPROACH,0.766316,-4.44073,-4.53265,-5.0,-5.0,-2.2909,0.6513,-30.0024,-142.069,142.069,0.728829,0.0,,False,5.1294e-31,0.0
4.82,13.114,APPROACH,0.76634,-4.48085,-4.56666,-5.0,-5.0,-3.3887,1.0875,-30.0183,-142.077,142.077,0.676245,0.0,,False,2.71147e-31,0.0
4.872,13.166,APPROACH,0.766339,-4.52052,-4.60023,-5.0,-5.0,-4.6311,1.569,-30.0287,-142.141,142.141,0.624268,0.0,,False,1.41551e-31,0.0
4.923,13.217,APPROACH,0.766292,-4.55778,-4.63171,-5.0,-5.0,-5.4457,1.8833,-30.025,-142.244,142.244,0.575493,0.0,,False,7.48256e-32,0.0
4.974,13.268,APPROACH,0.7662,-4.59309,-4.66151,-5.0,-5.0,-5.8512,2.0458,-30.0144,-142.35,142.35,0.529291,0.0,,False,3.95537e-32,0.0
5.025,13.319,APPROACH,0.76608,-4.6263,-4.68951,-5.0,-5.0,-5.9819,2.1098,-30.0051,-142.434,142.434,0.485859,0.0,,False,2.09086e-32,0.0
5.077,13.371,APPROACH,0.765953,-4.65793,-4.71617,-5.0,-5.0,-5.9424,2.1086,-29.999,-142.486,142.486,0.44449,0.0,,False,1.09152e-32,0.0
5.128,13.422,APPROACH,0.765843,-4.6868,-4.74047,-5.0,-5.0,-5.798,2.0644,-29.9955,-142.504,142.504,0.406759,0.0,,False,5.76993e-33,0.0
5.179,13.473,APPROACH,0.765763,-4.71356,-4.76299,-5.0,-5.0,-5.5786,1.9926,-29.9933,-142.496,142.496,0.371781,0.0,,False,3.05006e-33,0.0
5.231,13.525,APPROACH,0.765718,-4.73877,-4.78418,-5.0,-5.0,-5.3011,1.9019,-29.9922,-142.466,142.466,0.33885,0.0,,False,1.59227e-33,0.0
5.282,13.576,APPROACH,0.76571,-4.76155,-4.80331,-5.0,-5.0,-4.9996,1.7997,-29.9915,-142.423,142.423,0.309102,0.0,,False,8.41693e-34,0.0
5.333,13.627,APPROACH,0.765736,-4.78251,-4.82091,-5.0,-5.0,-4.6867,1.6888,-29.9914,-142.373,142.373,0.281737,0.0,,False,4.44929e-34,0.0
5.384,13.678,APPROACH,0.765789,-4.80175,-4.83708,-5.0,-5.0,-4.373,1.5714,-29.9913,-142.32,142.32,0.256603,0.0,,False,2.35195e-34,0.0
5.436,13.73,APPROACH,0.765865,-4.81973,-4.85221,-5.0,-5.0,-4.0594,1.4505,-29.9918,-142.267,142.267,0.233114,0.0,,False,1.22783e-34,0.0
5.487,13.781,APPROACH,0.765955,-4.83587,-4.86579,-5.0,-5.0,-3.7656,1.3369,-29.9929,-142.218,142.218,0.212016,0.0,,False,6.49044e-35,0.0
5.538,13.832,APPROACH,0.766053,-4.85065,-4.87824,-5.0,-5.0,-3.4848,1.232,-29.994,-142.174,142.174,0.192697,0.0,,False,3.43093e-35,0.0
5.59,13.884,APPROACH,0.766154,-4.86443,-4.88982,-5.0,-5.0,-3.2094,1.1355,-29.9951,-142.135,142.135,0.174692,0.0,,False,1.7911e-35,0.0
5.641,13.935,APPROACH,0.766248,-4.87678,-4.90019,-5.0,-5.0,-2.9485,1.0501,-29.9962,-142.104,142.104,0.158572,0.0,,False,9.46797e-36,0.0
5.692,13.986,APPROACH,0.766331,-4.88807,-4.90963,-5.0,-5.0,-2.7019,0.9702,-29.9971,-142.079,142.079,0.143857,0.0,,False,5.00489e-36,0.0
5.743,14.037,APPROACH,0.766399,-4.89837,-4.91824,-5.0,-5.0,-2.4697,0.8953,-29.9976,-142.06,142.06,0.13043,0.0,,False,2.64565e-36,0.0
5.795,14.089,ALIGN,0.766451,-4.90796,-4.92624,-5.0,-5.0,-2.252,0.8235,-29.9981,-142.047,142.047,0.117948,0.0,,False,1.38115e-36,0.0
5.846,14.14,ALIGN,0.766487,-4.91654,-4.93338,-5.0,-5.0,-2.0586,0.7573,-29.9984,-142.037,142.037,0.106789,0.0,,False,7.30092e-37,0.0
5.897,14.191,ALIGN,0.766507,-4.92436,-4.9399,-5.0,-5.0,-1.8843,0.6946,-29.9985,-142.032,142.032,0.0966061,0.0,,False,3.85936e-37,0.0
5.948,14.242,ALIGN,0.766511,-4.93151,-4.94585,-5.0,-5.0,-1.7282,0.6372,-29.9986,-142.029,142.029,0.0873105,0.0,,False,2.0401e-37,0.0
6.0,14.294,ALIGN,0.766499,-4.93816,-4.95138,-5.0,-5.0,-1.5828,0.5832,-29.9988,-142.03,142.03,0.0786681,0.0,,False,1.06503e-37,0.0
6.051,14.345,ALIGN,0.766475,-4.9441,-4.95633,-5.0,-5.0,-1.4523,0.5336,-29.9986,-142.031,142.031,0.0709413,0.0,,False,5.62986e-38,0.0
6.102,14.396,ALIGN,0.766444,-4.94951,-4.96084,-5.0,-5.0,-1.33,0.4887,-29.9986,-142.033,142.033,0.0638944,0.0,,False,2.97602e-38,0.0
6.154,14.448,ALIGN,0.76641,-4.95455,-4.96503,-5.0,-5.0,-1.2138,0.4462,-29.999,-142.034,142.034,0.0573501,0.0,,False,1.55362e-38,0.0
6.205,14.499,ALIGN,0.766378,-4.95905,-4.96877,-5.0,-5.0,-1.1084,0.4078,-29.9992,-142.034,142.034,0.0515056,0.0,,False,8.21261e-39,0.0
6.256,14.55,ALIGN,0.766348,-4.96314,-4.97217,-5.0,-5.0,-1.0119,0.3735,-29.9993,-142.033,142.033,0.04618,0.0,,False,4.34128e-39,0.0
6.307,14.601,ALIGN,0.76632,-4.96688,-4.97528,-5.0,-5.0,-0.9244,0.3422,-29.9995,-142.032,142.032,0.0413284,0.0,,False,2.29486e-39,0.0
6.359,14.653,ALIGN,0.766293,-4.97035,-4.97816,-5.0,-5.0,-0.843,0.3116,-29.9996,-142.031,142.031,0.036828,0.0,,False,1.19802e-39,0.0
6.41,14.704,ALIGN,0.766267,-4.97344,-4.98072,-5.0,-5.0,-0.7669,0.2833,-29.9995,-142.031,142.031,0.0328168,0.0,,False,6.33288e-40,0.0
6.461,14.755,ALIGN,0.76624,-4.97626,-4.98305,-5.0,-5.0,-0.6965,0.2583,-29.9992,-142.031,142.031,0.0291684,0.0,,False,3.34764e-40,0.0
6.513,14.807,ALIGN,0.766214,-4.97887,-4.98522,-5.0,-5.0,-0.6329,0.2345,-29.9993,-142.031,142.031,0.025788,0.0,,False,1.74762e-40,0.0
6.564,14.858,ALIGN,0.766192,-4.9812,-4.98715,-5.0,-5.0,-0.5771,0.2116,-29.9994,-142.031,142.031,0.0227748,0.0,,False,9.23814e-41,0.0
6.615,14.909,ALIGN,0.766172,-4.98332,-4.98891,-5.0,-5.0,-0.5286,0.1923,-29.9996,-142.031,142.031,0.0200331,0.0,,False,4.88339e-41,0.0
6.666,14.96,ALIGN,0.766153,-4.98525,-4.99051,-5.0,-5.0,-0.4821,0.1747,-29.9996,-142.031,142.031,0.0175405,0.0,,False,2.58142e-41,0.0
6.718,15.012,ALIGN,0.76613,-4.98704,-4.992,-5.0,-5.0,-0.4366,0.1577,-29.9997,-142.032,142.032,0.0152342,0.0,,False,1.34762e-41,0.0
6.769,15.063,ALIGN,0.766103,-4.98863,-4.99333,-5.0,-5.0,-0.3986,0.1436,-29.9997,-142.035,142.035,0.0131821,0.0,,False,7.12369e-42,0.0
6.82,15.114,ALIGN,0.766075,-4.99009,-4.99454,-5.0,-5.0,-0.3656,0.1303,-29.9998,-142.038,142.038,0.0113202,0.0,,False,3.76567e-42,0.0
6.872,15.166,ALIGN,0.766047,-4.99144,-4.99566,-5.0,-5.0,-0.3348,0.1162,-29.9998,-142.04,142.04,0.00960206,0.0,,False,1.96585e-42,0.0
6.923,15.217,ALIGN,0.766022,-4.99264,-4.99666,-5.0,-5.0,-0.3039,0.104,-30.0,-142.041,142.041,0.00808387,0.0,,False,1.03917e-42,0.0
6.974,15.268,HIGH_HOVER,0.766004,-4.99373,-4.99758,-5.0,-5.0,-0.2755,0.0931,-30.0002,-142.04,142.04,0.00672116,0.0,,False,5.4932e-43,0.0
7.025,15.319,HIGH_HOVER,0.765996,-4.99473,-4.99841,-5.0,-5.0,-0.2507,0.0838,-30.0004,-142.037,142.037,0.00550734,0.0,,False,2.90377e-43,0.0
7.077,15.371,HIGH_HOVER,0.765995,-4.99565,-4.99918,-5.0,-5.0,-0.2276,0.0767,-30.0004,-142.034,142.034,0.00442294,0.0,,False,1.5159e-43,0.0
7.128,15.422,HIGH_HOVER,0.766002,-4.99648,-4.99986,-5.0,-5.0,-0.2084,0.0702,-30.0004,-142.03,142.03,0.00352054,0.0,,False,8.01324e-44,0.0
7.179,15.473,HIGH_HOVER,0.76601,-4.99724,-5.00048,-5.0,-5.0,-0.1911,0.0639,-30.0005,-142.027,142.027,0.00280462,0.0,,False,4.2359e-44,0.0
7.231,15.525,HIGH_HOVER,0.766019,-4.99794,-5.00105,-5.0,-5.0,-0.1737,0.0578,-30.0006,-142.025,142.025,0.00231529,0.0,,False,2.21133e-44,0.0
7.282,15.576,HIGH_HOVER,0.766026,-4.99856,-5.00156,-5.0,-5.0,-0.1572,0.0517,-30.0006,-142.024,142.024,0.00212051,0.0,,False,1.16894e-44,0.0
7.333,15.627,HIGH_HOVER,0.766033,-4.99914,-5.00202,-5.0,-5.0,-0.1422,0.0476,-30.0005,-142.024,142.024,0.00219745,0.0,,False,6.17915e-45,0.0
7.384,15.678,HIGH_HOVER,0.76604,-4.99966,-5.00244,-5.0,-5.0,-0.1311,0.0447,-30.0003,-142.023,142.023,0.00246139,0.0,,False,3.26638e-45,0.0
7.436,15.73,HIGH_HOVER,0.766049,-5.00015,-5.00282,-5.0,-5.0,-0.1213,0.043,-30.0,-142.021,142.021,0.00282793,0.0,,False,1.7052e-45,0.0
7.487,15.781,HIGH_HOVER,0.76606,-5.0006,-5.00316,-5.0,-5.0,-0.1099,0.0413,-29.9994,-142.02,142.02,0.00321937,0.0,,False,9.01388e-46,0.0
7.538,15.832,HIGH_HOVER,0.766072,-5.001,-5.00347,-5.0,-5.0,-0.097,0.039,-29.9995,-142.018,142.018,0.00361115,0.0,,False,4.76485e-46,0.0
7.59,15.884,SLOW_DESCENT,0.766013,-5.00138,-5.00375,-5.0,-5.0,-0.0871,0.0355,-30.0,-138.807,138.807,0.00399671,0.0,,False,2.48747e-46,0.0
7.641,15.935,SLOW_DESCENT,0.764858,-5.00172,-5.004,-5.0,-5.0,-0.0882,0.0285,-30.0001,-135.428,135.428,0.00435649,0.0,,False,1.31491e-46,0.0
7.692,15.986,SLOW_DESCENT,0.761454,-5.00204,-5.00423,-5.0,-5.0,-0.0915,0.026,-30.0004,-133.895,133.895,0.00469306,0.0,,False,6.95076e-47,0.0
7.742,16.036,SLOW_DESCENT,0.755464,-5.00234,-5.00442,-5.0,-5.0,-0.09,0.0282,-30.0006,-133.547,133.547,0.00499622,0.0,,False,3.72047e-47,0.0
7.794,16.088,SLOW_DESCENT,0.74639,-5.00263,-5.00458,-5.0,-5.0,-0.0824,0.0324,-30.0006,-133.928,133.928,0.00528229,0.0,,False,1.94226e-47,0.0
7.846,16.14,SLOW_DESCENT,0.734637,-5.00289,-5.00472,-5.0,-5.0,-0.0713,0.0354,-30.0003,-134.729,134.73,0.00553961,0.0,,False,1.01395e-47,0.0
7.898,16.192,SLOW_DESCENT,0.720578,-5.00313,-5.00485,-5.0,-5.0,-0.0595,0.0373,-30.0,-135.724,135.724,0.00577077,0.0,,False,5.29327e-48,0.0
7.95,16.244,SLOW_DESCENT,0.704646,-5.00334,-5.00495,-5.0,-5.0,-0.0485,0.0371,-30.0002,-136.763,136.763,0.00597563,0.0,,False,2.76333e-48,0.0
8.001,16.295,SLOW_DESCENT,0.687646,-5.00353,-5.00504,-5.0,-5.0,-0.0356,0.0333,-30.0002,-137.728,137.728,0.00615273,0.0,,False,1.46073e-48,0.0
8.053,16.347,SLOW_DESCENT,0.669364,-5.00369,-5.00512,-5.0,-5.0,-0.0211,0.03,-30.0003,-138.594,138.594,0.00631185,0.0,,False,7.62568e-49,0.0
8.105,16.399,SLOW_DESCENT,0.650555,-5.00383,-5.00519,-5.0,-5.0,-0.0093,0.0287,-29.9998,-139.298,139.298,0.0064552,0.0,,False,3.98095e-49,0.0
8.157,16.451,SLOW_DESCENT,0.631598,-5.00396,-5.00526,-5.0,-5.0,-0.0036,0.0214,-29.9993,-139.823,139.823,0.00658746,0.0,,False,2.07824e-49,0.0
8.209,16.503,SLOW_DESCENT,0.612811,-5.00408,-5.00533,-5.0,-5.0,0.0013,0.0149,-29.999,-140.162,140.162,0.00671329,0.0,,False,1.08494e-49,0.0
8.261,16.555,SLOW_DESCENT,0.594457,-5.00418,-5.0054,-5.0,-5.0,0.0026,0.0149,-29.999,-140.319,140.319,0.00683408,0.0,,False,5.66386e-50,0.0
8.312,16.606,SLOW_DESCENT,0.577068,-5.00428,-5.00547,-5.0,-5.0,-0.003,0.0178,-29.9984,-140.307,140.307,0.00694565,0.0,,False,2.99399e-50,0.0
8.364,16.658,SLOW_DESCENT,0.560093,-5.00436,-5.00553,-5.0,-5.0,-0.0045,0.0136,-29.9972,-140.145,140.145,0.00704677,0.0,,False,1.563e-50,0.0
8.416,16.71,SLOW_DESCENT,0.543956,-5.00444,-5.00559,-5.0,-5.0,0.0031,0.0099,-29.9966,-139.852,139.852,0.00713452,0.0,,False,8.15957e-51,0.0
8.468,16.762,SLOW_DESCENT,0.528673,-5.0045,-5.00563,-5.0,-5.0,0.0133,0.0088,-29.9966,-139.454,139.454,0.00721244,0.0,,False,4.25967e-51,0.0
8.52,16.814,SLOW_DESCENT,0.514226,-5.00456,-5.00568,-5.0,-5.0,0.0196,0.0071,-29.9963,-138.976,138.976,0.00728831,0.0,,False,2.22374e-51,0.0
8.572,16.866,NEAR_WATER,0.5006,-5.00462,-5.00573,-5.0,-5.0,0.0244,0.0092,-29.9974,-139.634,139.634,0.00736381,0.0,,False,1.1609e-51,0.0
8.623,16.917,NEAR_WATER,0.488324,-5.00468,-5.00578,-5.0,-5.0,0.0228,0.0103,-29.9994,-140.115,140.115,0.00743893,0.0,,False,6.13663e-52,0.0
8.675,16.969,NEAR_WATER,0.477191,-5.00474,-5.00584,-5.0,-5.0,0.0197,0.0071,-29.9984,-140.005,140.005,0.00751712,0.0,,False,3.2036e-52,0.0
8.727,17.021,NEAR_WATER,0.467469,-5.00479,-5.00589,-5.0,-5.0,0.0143,0.0069,-29.9994,-139.532,139.532,0.0075964,0.0,,False,1.67243e-52,0.0
8.779,17.073,NEAR_WATER,0.458949,-5.00485,-5.00595,-5.0,-5.0,0.0141,0.0066,-30.001,-138.884,138.884,0.00767666,0.0,,False,8.73084e-53,0.0
8.831,17.125,NEAR_WATER,0.451352,-5.0049,-5.00602,-5.0,-5.0,0.0067,0.0083,-30.0018,-138.188,138.188,0.0077589,0.0,,False,4.5579e-53,0.0
8.883,17.177,NEAR_WATER,0.444397,-5.00495,-5.00608,-5.0,-5.0,-0.0079,0.004,-30.003,-137.521,137.521,0.0078368,0.0,,False,2.37943e-53,0.0
8.934,17.228,NEAR_WATER,0.43796,-5.00499,-5.00612,-5.0,-5.0,-0.0079,-0.0029,-30.0021,-136.932,136.932,0.007903,0.0,,False,1.2578e-53,0.0
8.986,17.28,NEAR_WATER,0.431579,-5.00504,-5.00617,-5.0,-5.0,-0.0118,-0.0114,-29.9994,-136.416,136.416,0.0079635,0.0,,False,6.56627e-54,0.0
9.038,17.332,NEAR_WATER,0.425218,-5.00509,-5.0062,-5.0,-5.0,-0.0161,-0.0144,-29.9983,-135.988,135.988,0.00801808,0.0,,False,3.4279e-54,0.0
9.09,17.384,NEAR_WATER,0.418761,-5.00514,-5.00622,-5.0,-5.0,-0.0219,-0.0171,-29.9977,-135.641,135.641,0.00806666,0.0,,False,1.78952e-54,0.0
9.142,17.436,NEAR_WATER,0.412128,-5.0052,-5.00622,-5.0,-5.0,-0.0164,-0.0112,-29.9975,-135.364,135.364,0.00810666,0.0,,False,9.34211e-55,0.0
9.194,17.488,NEAR_WATER,0.405279,-5.00526,-5.00621,-5.0,-5.0,-0.0259,-0.0001,-29.997,-135.143,135.143,0.00813907,0.0,,False,4.87701e-55,0.0
9.245,17.539,NEAR_WATER,0.398336,-5.0053,-5.00619,-5.0,-5.0,-0.0268,0.002,-29.9989,-134.966,134.966,0.00815345,0.0,,False,2.57805e-55,0.0
9.297,17.591,NEAR_WATER,0.391035,-5.00534,-5.00616,-5.0,-5.0,-0.0097,0.0023,-30.0001,-135.016,135.016,0.00815138,0.0,,False,1.34586e-55,0.0
9.349,17.643,NEAR_WATER,0.383611,-5.00538,-5.00611,-5.0,-5.0,0.0046,0.0002,-29.9981,-135.38,135.38,0.00814131,0.0,,False,0.0148271,0.427136
9.401,17.695,NEAR_WATER,0.377214,-5.00541,-5.00607,-5.0,-5.0,0.0141,0.0016,-29.9986,-135.148,135.148,0.00812862,0.0,,False,2.04659,2.30913
9.453,17.747,CONTACT_CONFIRM,0.374263,-5.00544,-5.00603,-5.0,-5.0,0.0188,0.0034,-29.9998,-134.324,134.324,0.00811899,-0.05733,,False,6.45702,0.814643
9.505,17.799,CONTACT_CONFIRM,0.374768,-5.00547,-5.006,-5.0,-5.0,0.0166,0.013,-30.0007,-132.41,132.41,0.00811572,-0.05733,,False,9.6985,0.0
9.556,17.85,CONTACT_CONFIRM,0.376868,-5.0055,-5.00597,-5.0,-5.0,0.0063,0.0186,-30.0007,-130.097,130.097,0.00811325,-0.05733,,False,10.1316,0.0
9.608,17.902,NEAR_WATER,0.378659,-5.00552,-5.00594,-5.0,-5.0,0.0015,0.0034,-30.0021,-129.271,129.271,0.00810788,-0.05733,,False,8.76195,0.0
9.66,17.954,NEAR_WATER,0.378998,-5.00554,-5.00591,-5.0,-5.0,-0.0077,-0.0089,-30.0033,-126.738,126.738,0.00810061,-0.05733,,False,7.25629,0.179751
9.712,18.006,NEAR_WATER,0.377548,-5.00556,-5.00588,-5.0,-5.0,-0.0066,-0.0071,-30.0022,-126.48,126.48,0.00808936,-0.05733,,False,6.88142,0.881207
9.764,18.058,CONTACT_CONFIRM,0.375353,-5.00558,-5.00584,-5.0,-5.0,0.0011,0.0008,-29.9994,-126.421,126.421,0.00807718,-0.0407397,,False,8.13329,1.2186
9.815,18.109,CONTACT_CONFIRM,0.373846,-5.0056,-5.0058,-5.0,-5.0,0.0069,0.0062,-29.9961,-128.631,128.631,0.00806628,-0.0407397,,False,10.3735,0.597592
9.867,18.161,CONTACT_CONFIRM,0.373829,-5.00562,-5.00577,-5.0,-5.0,0.0111,0.0028,-29.9945,-128.317,128.317,0.00805908,-0.0407397,,False,12.2472,0.0
9.919,18.213,CONTACT_CONFIRM,0.374783,-5.00564,-5.00575,-5.0,-5.0,0.0128,0.0087,-29.9945,-127.269,127.269,0.00805451,-0.0407397,,False,12.7381,0.0
9.971,18.265,CONTACT_CONFIRM,0.375719,-5.00566,-5.00572,-5.0,-5.0,0.0017,0.0119,-29.9966,-126.797,126.797,0.00804831,-0.0407397,,False,12.1214,0.0
10.023,18.317,CONTACT_CONFIRM,0.37607,-5.00567,-5.0057,-5.0,-5.0,0.0052,0.0078,-29.9988,-127.124,127.124,0.00803934,-0.0407397,,False,11.2559,0.000868866
10.075,18.369,NEAR_WATER,0.375868,-5.00567,-5.00568,-5.0,-5.0,0.0013,0.0008,-29.9994,-125.593,125.593,0.0080312,-0.0407397,,False,10.7544,0.24242
10.126,18.42,CONTACT_CONFIRM,0.375029,-5.00568,-5.00566,-5.0,-5.0,-0.0103,-0.0049,-30.0009,-125.55,125.55,0.00802086,-0.0177711,,False,10.9089,0.645486
10.178,18.472,CONTACT_CONFIRM,0.374135,-5.00568,-5.00564,-5.0,-5.0,-0.008,-0.0108,-30.0025,-127.094,127.094,0.00800453,-0.0177711,,False,11.8107,0.395557
10.23,18.524,CONTACT_CONFIRM,0.373989,-5.00568,-5.00561,-5.0,-5.0,-0.001,-0.0068,-30.0028,-127.165,127.165,0.00798855,-0.0177711,,False,12.7498,0.0
10.282,18.576,CONTACT_CONFIRM,0.374431,-5.00569,-5.00559,-5.0,-5.0,0.0059,0.0041,-30.0021,-126.694,126.694,0.0079748,-0.0177711,,False,13.0764,0.0
10.334,18.628,CONTACT_CONFIRM,0.374969,-5.00569,-5.00557,-5.0,-5.0,0.007,0.0118,-30.0006,-126.423,126.423,0.00796196,-0.0177711,,False,12.7854,0.0
10.386,18.68,SETTLING,0.375246,-5.00569,-5.00555,-5.0,-5.0,0.0038,0.0046,-29.9994,-126.573,126.573,0.00794931,-0.0177711,,False,12.274,0.0
10.437,18.731,SETTLING,0.375239,-5.00568,-5.00554,-5.0,-5.0,0.0061,-0.002,-29.9975,-126.949,126.949,0.00793741,-0.0177711,,False,11.908,0.0496151
10.489,18.783,SETTLING,0.375137,-5.00567,-5.00554,-5.0,-5.0,0.004,-0.0061,-29.9962,-127.29,127.29,0.00792687,-0.0177711,,False,11.773,0.0523501
10.541,18.835,SETTLING,0.375107,-5.00566,-5.00553,-5.0,-5.0,-0.001,-0.0047,-29.9974,-127.465,127.465,0.00791749,-0.0177711,,False,11.7649,0.0161225
10.593,18.887,SETTLING,0.375192,-5.00565,-5.00553,-5.0,-5.0,-0.0027,-0.0012,-30.0017,-127.519,127.519,0.00790582,-0.0177711,,False,11.7361,0.0
10.645,18.939,SETTLING,0.375337,-5.00564,-5.00552,-5.0,-5.0,0.0093,0.0006,-30.0043,-127.557,127.557,0.00789559,-0.0177711,,False,11.6192,0.0
10.697,18.991,SETTLING,0.375473,-5.00563,-5.00553,-5.0,-5.0,0.0033,0.0013,-30.0023,-127.649,127.649,0.00788954,-0.0177711,,False,11.4369,0.0
10.748,19.042,SPOOL_DOWN,0.375568,-5.00561,-5.00553,-5.0,-5.0,-0.1601,0.0846,-29.9998,-126.753,126.752,0.00787672,-0.0177711,,False,11.2526,0.502962
10.8,19.094,SPOOL_DOWN,0.37536,-5.00551,-5.00545,-5.0,-5.0,-0.2777,0.1597,-30.0002,-123.577,123.577,0.00775229,-0.0177711,,False,11.2014,0.327594
10.852,19.146,SPOOL_DOWN,0.37412,-5.00531,-5.00533,-5.0,-5.0,-0.2507,0.1288,-30.0022,-119.22,119.22,0.00751928,-0.0177711,,False,11.7556,1.12608
10.904,19.198,SPOOL_DOWN,0.37168,-5.00504,-5.00517,-5.0,-5.0,-0.2122,0.0865,-30.0035,-114.275,114.275,0.00722394,-0.0177711,,False,13.6844,2.22474
10.956,19.25,SPOOL_DOWN,0.368601,-5.00474,-5.00501,-5.0,-5.0,-0.194,0.0618,-30.0033,-109.027,109.027,0.00689508,-0.0177711,,False,17.4321,3.02783
11.008,19.302,SPOOL_DOWN,0.365697,-5.00442,-5.00483,-5.0,-5.0,-0.1888,0.0424,-30.0025,-103.636,103.636,0.00654549,-0.0177711,,False,22.6198,3.05319
11.059,19.353,SPOOL_DOWN,0.363441,-5.00409,-5.00465,-5.0,-5.0,-0.1857,0.0288,-30.0038,-98.2719,98.2719,0.00619222,-0.0177711,,False,28.1981,2.59553
11.111,19.405,SPOOL_DOWN,0.36168,-5.00375,-5.00447,-5.0,-5.0,-0.1815,0.0124,-30.0034,-92.7734,92.7734,0.0058295,-0.0177711,,False,33.5684,2.1394
11.163,19.457,SPOOL_DOWN,0.360178,-5.0034,-5.00429,-5.0,-5.0,-0.1783,0.0009,-30.0017,-87.2507,87.2507,0.00547458,-0.0177711,,False,38.3666,1.96557
11.215,19.509,SPOOL_DOWN,0.358724,-5.00307,-5.00412,-5.0,-5.0,-0.1772,-0.0027,-30.0022,-81.7171,81.7171,0.00513453,-0.0177711,,False,42.742,1.95917
11.267,19.561,SPOOL_DOWN,0.357273,-5.00274,-5.00396,-5.0,-5.0,-0.1763,-0.0069,-30.003,-76.1833,76.1833,0.00481353,-0.0177711,,False,46.9228,1.93893
11.319,19.613,SPOOL_DOWN,0.355873,-5.00242,-5.00382,-5.0,-5.0,-0.1743,-0.0163,-30.0039,-70.6485,70.6485,0.00451726,-0.0177711,,False,51.0178,1.83337
11.37,19.664,SPOOL_DOWN,0.354607,-5.00211,-5.00369,-5.0,-5.0,-0.1745,-0.031,-30.0037,-65.2206,65.2195,0.00425285,-0.0177711,,False,54.9139,1.65988
11.422,19.716,SPOOL_DOWN,0.353453,-5.0018,-5.00358,-5.0,-5.0,-0.1835,-0.0413,-30.0017,-59.6783,59.6778,0.00400676,-0.0177711,,False,58.6838,1.47425
11.474,19.768,SPOOL_DOWN,0.352429,-5.0015,-5.00347,-5.0,-5.0,-0.1871,-0.0453,-30.0001,-54.1414,54.1411,0.00378226,-0.0177711,,False,62.1787,1.30871
11.526,19.82,SPOOL_DOWN,0.351517,-5.00121,-5.00338,-5.0,-5.0,-0.1901,-0.0502,-30.0005,-48.5931,48.5929,0.00358994,-0.0177711,,False,65.3799,1.1698
11.578,19.872,SPOOL_DOWN,0.350701,-5.00093,-5.0033,-5.0,-5.0,-0.1912,-0.0512,-30.001,-43.0531,43.053,0.00342921,-0.0177711,,False,68.2932,1.04581
11.63,19.924,SPOOL_DOWN,0.349975,-5.00066,-5.00323,-5.0,-5.0,-0.1921,-0.0598,-30.0027,-37.5147,37.5139,0.00329735,-0.0177711,,False,70.9322,0.926507
11.681,19.975,SPOOL_DOWN,0.349351,-5.00041,-5.00317,-5.0,-5.0,-0.1937,-0.0671,-30.0056,-32.0812,32.0808,0.00319605,-0.0177711,,False,73.2634,0.803553
11.733,20.027,SPOOL_DOWN,0.348806,-5.00015,-5.00312,-5.0,-5.0,-0.1952,-0.0794,-30.0069,-26.5376,26.5374,0.00312213,-0.0177711,,False,75.3748,0.68108
11.785,20.079,SPOOL_DOWN,0.348352,-4.99991,-5.00307,-5.0,-5.0,-0.1916,-0.0859,-30.0061,-21.0107,21.0106,0.00307244,-0.0177711,,False,77.2183,0.55891
11.837,20.131,SPOOL_DOWN,0.347973,-4.99966,-5.00302,-5.0,-5.0,-0.1823,-0.0865,-30.0033,-15.4652,15.4651,0.00304225,-0.0177711,,False,78.6804,0.47466
11.889,20.183,SPOOL_DOWN,0.347672,-4.99941,-5.00298,-5.0,-5.0,-0.1774,-0.0895,-30.0008,-9.91623,9.91621,0.0030372,-0.0177711,,False,79.4832,0.346163
11.94,20.234,LANDED,0.347498,-4.99918,-5.00295,-5.0,-5.0,-0.0943,-0.0672,-29.9999,-5.15187,5.15186,0.00306337,-0.0177711,,False,79.8965,0.701257
